0, 3391, 718, folk
1, 2787, 784, indian pop
2, 1424, 1091, deep southern trap
3, 3097, 761, desi
4, 2099, 1096, rap chileno
5, 3070, 1181, comedy rock
6, 3371, 893, trova
7, 3285, 989, mambo
8, 3624, 812, country gospel
9, 2775, 603, vietnamese pop
10, 1723, 1210, roots reggae
11, 1506, 417, vegas indie
12, 3062, 459, modern southern rock
13, 2924, 743, cantautor
14, 1401, 1044, deep trap
15, 3333, 878, jazz funk
16, 3733, 535, college a cappella
17, 1692, 1164, reggae fusion
18, 1852, 1160, merengue urbano
19, 806, 528, deep hardstyle
20, 706, 841, deep discofox
21, 2338, 1017, tropical
22, 3846, 753, deep jazz piano
23, 3559, 1003, country blues
24, 3570, 611, ye ye
25, 2240, 89, blackgaze
26, 4139, 388, classical flute
27, 2062, 316, alternative emo
28, 2136, 1013, deep swedish hip hop
29, 1578, 1075, azonto
30, 3518, 696, judaica
31, 1679, 1197, lovers rock
32, 3858, 733, deep german jazz
33, 2974, 651, new tribe
34, 558, 979, new beat
35, 2213, 763, lithumania
36, 1381, 912, ninja
37, 1222, 707, electronic
38, 1009, 1015, future garage
39, 511, 975, christian dance
40, 2484, 428, slash punk
41, 1022, 949, deep chill-out
42, 1071, 1029, latin electronica
43, 549, 1046, house
44, 2073, 981, ska
45, 528, 1245, ghettotech
46, 2402, 103, usbm
47, 4102, 682, spanish classical
48, 3341, 565, piano rock
49, 2945, 830, cajun
50, 4338, 363, classical piano
51, 1813, 445, spanish punk
52, 2149, 983, deep german hip hop
53, 3647, 1025, acoustic blues
54, 3660, 1017, delta blues
55, 3547, 995, louisiana blues
56, 1650, 338, modern uplift
57, 3921, 910, bebop
58, 3279, 901, skiffle
59, 2265, 663, spanish pop
60, 1597, 204, fallen angel
61, 2060, 497, vaporwave
62, 4066, 532, traditional scottish folk
63, 757, 1160, vapor house
64, 3224, 1037, guidance
65, 1215, 939, chill lounge
66, 3130, 201, deep ambient
67, 932, 878, big beat
68, 1833, 741, deep latin alternative
69, 2533, 949, zim
70, 3482, 973, jump blues
71, 2163, 199, unblack metal
72, 1516, 1110, soca
73, 3506, 945, folklore argentino
74, 2151, 220, garage punk
75, 2533, 212, stoner metal
76, 1997, 1039, punta
77, 1270, 659, carnaval
78, 2657, 931, desert blues
79, 2279, 1039, sega
80, 3794, 834, jazz fusion
81, 2304, 756, rai
82, 2787, 465, deep psychobilly
83, 1717, 138, melodic death metal
84, 1180, 182, post-screamo
85, 2265, 830, belly dance
86, 1482, 492, deep chiptune
87, 828, 882, dubstep product
88, 3770, 419, classic soundtrack
89, 1770, 916, abstract beats
90, 1533, 669, k-rock
91, 425, 1177, minimal melodic techno
92, 3649, 906, mallet
93, 3908, 1056, tanzlmusi
94, 3968, 396, electroacoustic improvisation
95, 702, 1044, experimental dubstep
96, 2291, 1104, merengue
97, 1787, 170, deep folk metal
98, 3419, 712, pakistani pop
99, 3149, 743, country
100, 956, 985, kizomba
101, 2140, 782, sertanejo universitario
102, 1489, 1241, funk carioca
103, 3701, 841, string band
104, 2391, 794, maghreb
105, 2559, 893, morna
106, 2328, 381, german street punk
107, 2203, 258, street punk
108, 4005, 663, indian classical
109, 2365, 170, chaotic hardcore
110, 1863, 284, alternative metal
111, 1371, 365, deep pop emo
112, 1440, 597, indietronica
113, 588, 947, deep progressive trance
114, 1997, 957, bass trip
115, 1121, 1029, electro jazz
116, 1999, 606, kiwi rock
117, 3609, 492, experimental
118, 944, 1023, electro dub
119, 969, 1108, kwaito house
120, 1356, 893, outsider house
121, 1477, 843, polish reggae
122, 3558, 540, tibetan
123, 2620, 651, romanian rock
124, 412, 1142, deep groove house
125, 1915, 243, indie shoegaze
126, 2861, 292, rock noise
127, 2457, 690, funk rock
128, 3546, 432, dark jazz
129, 1504, 773, french indietronica
130, 1770, 690, estonian pop
131, 1426, 1015, ambeat
132, 524, 1021, nu skool breaks
133, 3971, 763, central asian folk
134, 2205, 419, indie emo rock
135, 575, 1031, disco house
136, 3391, 655, qawwali
137, 1285, 977, zouk riddim
138, 3831, 897, soul jazz
139, 3240, 756, texas country
140, 3996, 832, jazz brass
141, 2011, 594, dansband
142, 3696, 603, indie singer-songwriter
143, 2484, 324, crossover prog
144, 2500, 103, post-doom metal
145, 2290, 292, deep ccm
146, 3882, 550, soda pop
147, 3844, 910, swedish jazz orkester
148, 3280, 448, indiecoustica
149, 1452, 1050, coupe decale
150, 1383, 227, melodic power metal
151, 2350, 1134, orquesta tropical
152, 2898, 1066, salsa
153, 2216, 304, horror punk
154, 3947, 893, contemporary post-bop
155, 1782, 981, azontobeats
156, 3745, 634, jazz orchestra
157, 1531, 318, pop punk
158, 3128, 525, acoustic pop
159, 1579, 676, spanish pop rock
160, 3807, 803, jazz composition
161, 956, 1083, microhouse
162, 1439, 823, demoscene
163, 1126, 229, heavy alternative
164, 791, 1033, bassline
165, 2266, 116, chaotic black metal
166, 3328, 669, christmas product
167, 2316, 690, tribute
168, 744, 1203, electro
169, 2152, 441, beatdown
170, 981, 1110, broken beat
171, 727, 1096, melbourne bounce
172, 1413, 690, aussietronica
173, 4139, 903, tin pan alley
174, 1669, 690, thai indie
175, 778, 935, electro trash
176, 2289, 848, balkan brass
177, 3721, 415, laboratorio
178, 3745, 814, blaskapelle
179, 1056, 669, chillstep
180, 2459, 454, austindie
181, 4103, 432, wind ensemble
182, 2072, 768, venezuelan rock
183, 2165, 704, latvian pop
184, 2301, 841, traditional funk
185, 2447, 220, power violence
186, 3203, 434, chamber psych
187, 3407, 225, deep soundtrack
188, 3495, 476, nepali
189, 2124, 935, austrian hip hop
190, 2303, 233, retro metal
191, 2583, 225, crossover thrash
192, 1826, 304, emo
193, 2409, 308, christian uplift
194, 1902, 304, dreamo
195, 466, 787, remix
196, 2074, 214, jazz metal
197, 677, 1021, drumfunk
198, 1617, 720, danish pop
199, 2586, 421, columbus ohio indie
200, 2673, 1181, african percussion
201, 692, 780, deep big room
202, 4226, 417, early music ensemble
203, 2036, 474, danish indie
204, 665, 882, drum and bass
205, 1806, 669, indonesian indie
206, 613, 1093, deep liquid bass
207, 2153, 826, peruvian rock
208, 894, 803, bouncy house
209, 3387, 225, meditation
210, 751, 931, moombahton
211, 945, 852, electronic trap
212, 1111, 933, romanian pop
213, 4115, 365, british brass band
214, 3648, 597, breton folk
215, 1519, 371, deep gothic post-punk
216, 3781, 693, drone folk
217, 1166, 957, chalga
218, 868, 532, doomcore
219, 2395, 642, zolo
220, 1369, 1021, bmore
221, 997, 1046, ragga jungle
222, 828, 1195, sunset lounge
223, 1885, 1048, outer hip hop
224, 625, 570, dark electro-industrial
225, 1506, 352, j-metal
226, 1624, 547, deep german indie
227, 464, 891, glitter trance
228, 2571, 535, albuquerque indie
229, 1464, 1094, turntablism
230, 2457, 570, argentine indie
231, 3716, 1025, comedy
232, 3278, 1234, hoerspiel
233, 2558, 300, skinhead oi
234, 2253, 225, swedish pop punk
235, 2125, 300, skate punk
236, 4236, 140, byzantine
237, 1592, 826, deep rai
238, 1282, 720, j-rap
239, 1426, 663, new romantic
240, 2908, 375, indie garage rock
241, 2738, 528, chicago indie
242, 2962, 669, armenian folk
243, 4068, 367, modern performance
244, 2757, 268, deep space rock
245, 1950, 292, nu gaze
246, 2871, 483, norwegian rock
247, 1414, 803, vapor twitch
248, 2799, 488, swedish indie rock
249, 3834, 634, college marching band
250, 3558, 723, brass band
251, 1664, 999, horrorcore
252, 3138, 413, norwegian punk
253, 2329, 823, disco
254, 894, 983, freestyle
255, 3696, 525, football
256, 662, 638, happy hardcore
257, 865, 899, strut
258, 1325, 437, industrial rock
259, 2313, 926, deep smooth jazz
260, 1807, 953, reggae rock
261, 2521, 908, steelpan
262, 3305, 452, rva indie
263, 2688, 426, hatecore
264, 2522, 999, afrobeat
265, 3956, 371, musique concrete
266, 2850, 1017, barnemusikk
267, 2023, 659, pop christmas
268, 1820, 889, italian hip hop
269, 3809, 704, string folk
270, 3896, 775, vintage swedish pop
271, 1180, 454, dark wave
272, 3870, 765, classic schlager
273, 2152, 630, belorush
274, 2960, 390, neo-psychedelic
275, 1609, 396, rap rock
276, 2973, 530, singaporean pop
277, 431, 1035, deep liquid
278, 984, 887, italian disco
279, 3086, 479, etherpop
280, 2738, 638, deep soft rock
281, 3843, 328, compositional ambient
282, 1706, 603, belgian indie
283, 2611, 437, e6fi
284, 3036, 583, basque rock
285, 1934, 997, musica per bambini
286, 1725, 336, j-poppunk
287, 2060, 608, hungarian rock
288, 2217, 479, indie fuzzpop
289, 1334, 1050, cubaton
290, 2215, 178, mathcore
291, 1637, 212, gothic symphonic metal
292, 1299, 193, electronicore
293, 2113, 274, alternative ccm
294, 992, 202, cyber metal
295, 1663, 220, swedish hard rock
296, 1293, 1066, greek hip hop
297, 1833, 908, neo soul
298, 3882, 666, harp
299, 726, 981, disco polo
300, 574, 699, progressive trance
301, 3191, 470, ok indie
302, 2584, 647, wrock
303, 4127, 367, avant-garde
304, 1888, 371, ethereal gothic
305, 2849, 300, neofolk
306, 2533, 867, funk
307, 1864, 1215, vintage reggae
308, 2832, 611, german ccm
309, 3558, 603, neo-pagan
310, 1656, 841, euroska
311, 1592, 897, urban contemporary
312, 2857, 499, art rock
313, 1559, 545, rap metalcore
314, 1409, 479, indie psych-rock
315, 2497, 659, czech rock
316, 2660, 481, indie pop
317, 2303, 472, swedish indie pop
318, 2985, 511, norwegian indie
319, 3984, 794, calypso
320, 2725, 439, crack rock steady
321, 2921, 404, slow core
322, 2278, 702, austropop
323, 3601, 1160, poetry
324, 4029, 690, clarinet
325, 2291, 676, rock gaucho
326, 2948, 474, indie christmas
327, 2832, 497, folk punk
328, 3684, 461, psychedelic blues-rock
329, 1685, 627, russian punk
330, 3228, 490, athens indie
331, 1464, 808, swedish eurodance
332, 1974, 736, russian rock
333, 446, 575, aggrotech
334, 533, 889, eurodance
335, 506, 685, uplifting trance
336, 913, 434, industrial metal
337, 3456, 535, dark cabaret
338, 4127, 850, vintage chanson
339, 1606, 828, alternative r&b
340, 2825, 828, liedermacher
341, 2763, 597, slovak pop
342, 2190, 445, c86
343, 1746, 589, idol
344, 2009, 887, smooth urban r&b
345, 2586, 360, preverb
346, 996, 852, deep pop edm
347, 1606, 1007, argentine reggae
348, 3191, 634, psychedelic rock
349, 1401, 663, ukrainian rock
350, 709, 454, dark hardcore
351, 4163, 935, vintage gospel
352, 2303, 318, deep orgcore
353, 2397, 326, finnish hardcore
354, 1451, 901, deep dutch hip hop
355, 1051, 765, europop
356, 1674, 400, french punk
357, 2469, 537, twin cities indie
358, 1910, 903, latin
359, 1213, 296, pop emo
360, 1584, 264, anthem emo
361, 4206, 111, chamber choir
362, 1250, 183, post-post-hardcore
363, 1432, 206, neo-trad metal
364, 2470, 955, soukous
365, 4351, 322, deep opera
366, 2390, 129, doom metal
367, 2812, 258, power electronics
368, 1554, 768, intelligent dance music
369, 3566, 1268, motivation
370, 3149, 575, classic garage rock
371, 1504, 1128, deep east coast hip hop
372, 3687, 828, soul
373, 332, 1102, deep psytrance
374, 1695, 748, deep german pop rock
375, 1986, 441, german punk
376, 3150, 437, hard rock
377, 2152, 707, afrikaans
378, 2750, 483, dutch rock
379, 3366, 676, entehno
380, 2856, 751, surf music
381, 1826, 497, pop rock
382, 2807, 707, persian pop
383, 852, 953, deep freestyle
384, 2127, 463, australian alternative rock
385, 1782, 738, thai pop
386, 2200, 1033, uk hip hop
387, 3468, 746, geek folk
388, 4213, 316, serialism
389, 2484, 600, yugoslav rock
390, 1872, 720, finnish dance pop
391, 3481, 723, catalan folk
392, 942, 720, zapstep
393, 2838, 895, deep latin jazz
394, 1559, 373, j-indie
395, 3806, 611, broadway
396, 815, 1128, chill groove
397, 3304, 535, gospel
398, 2062, 206, psych gaze
399, 1949, 630, spanish new wave
400, 2881, 720, portuguese rock
401, 2087, 463, perth indie
402, 2422, 379, boston rock
403, 2382, 666, finnish pop
404, 1733, 702, swedish idol pop
405, 2291, 1015, tejano
406, 3720, 743, british folk
407, 955, 432, neue deutsche harte
408, 3354, 594, traditional rock 'n roll
409, 1924, 821, zillertal
410, 2402, 165, crust punk
411, 2894, 594, soft rock
412, 2278, 589, australian pop
413, 1566, 768, korean pop
414, 2432, 627, ostrock
415, 2034, 983, swedish hip hop
416, 3190, 780, motown
417, 1733, 850, classic russian pop
418, 1770, 782, deep turkish pop
419, 3740, 94, tone
420, 3216, 532, galego
421, 3714, 843, bolero
422, 1521, 1073, rap
423, 3570, 736, singer-songwriter
424, 4188, 300, modern classical
425, 1491, 1025, pop rap
426, 1280, 1155, chicano rap
427, 3981, 402, deep nordic folk
428, 1236, 712, post-teen pop
429, 3831, 390, bulgarian folk
430, 2113, 726, classic dutch pop
431, 1559, 208, symphonic metal
432, 1890, 189, brutal deathcore
433, 3392, 1343, reading
434, 3818, 467, relaxative
435, 1260, 916, ambient fusion
436, 1299, 476, candy pop
437, 3403, 504, indie folk
438, 4238, 344, classical christmas
439, 2253, 369, brazilian punk
440, 3521, 979, texas blues
441, 476, 937, workout
442, 2176, 573, deep talent show
443, 2252, 715, classic belgian pop
444, 2657, 669, french pop
445, 3507, 424, nordic folk
446, 2625, 306, medieval
447, 2670, 669, nl folk
448, 1061, 1237, old school hip hop
449, 3571, 450, melancholia
450, 1489, 1110, gangster rap
451, 1619, 1062, southern hip hop
452, 3454, 363, rosary
453, 3599, 794, jazz bass
454, 2873, 363, christelijk
455, 3745, 488, norwegian gospel
456, 3216, 834, samba
457, 2680, 880, world
458, 3048, 699, czech folk
459, 3228, 627, mellow gold
460, 2571, 682, rock catala
461, 4054, 583, arab folk
462, 2250, 530, malaysian pop
463, 2607, 638, turkish pop
464, 1821, 1081, cumbia sonidera
465, 2151, 318, oi
466, 1439, 914, deep downtempo fusion
467, 625, 1134, detroit techno
468, 3303, 897, rhythm and boogie
469, 4263, 332, deep orchestral
470, 1445, 320, modern downshift
471, 1787, 308, christian metal
472, 1937, 642, levenslied
473, 2278, 320, spanish indie rock
474, 1662, 379, christian punk
475, 3919, 545, irish country
476, 1826, 346, alt-indie rock
477, 3254, 432, celtic rock
478, 4275, 356, violin
479, 2598, 1079, capoeira
480, 3405, 699, folk rock
481, 2111, 951, cumbia villera
482, 2304, 1052, spanish hip hop
483, 2894, 710, jam band
484, 2457, 814, blues-rock guitar
485, 2682, 688, arabesk
486, 1695, 1048, trap music
487, 3661, 852, traditional folk
488, 144, 1414, deep deep house
489, 3228, 738, deep motown
490, 1634, 1091, swedish reggae
491, 3160, 832, deep brazilian pop
492, 2203, 138, death metal
493, 1200, 233, hard alternative
494, 2228, 70, pagan black metal
495, 1571, 183, gothic metal
496, 3572, 979, blues
497, 3418, 567, folk-pop
498, 1146, 859, russelater
499, 417, 567, progressive uplifting trance
500, 3757, 854, choro
501, 2522, 597, mizrahi
502, 2277, 852, ethiopian pop
503, 3191, 535, brazilian ccm
504, 3534, 931, nueva cancion
505, 3126, 448, louvor
506, 3635, 1058, jug band
507, 1876, 452, indie pop rock
508, 1546, 365, christian rock
509, 2341, 545, neo mellow
510, 1950, 369, ccm
511, 2645, 837, sertanejo tradicional
512, 3456, 906, western swing
513, 1923, 688, turbo folk
514, 2446, 392, scottish rock
515, 1808, 1219, reggae
516, 2213, 867, sinhala
517, 2725, 575, taiwanese pop
518, 2584, 578, mandopop
519, 4275, 413, classical period
520, 3960, 906, jazz
521, 3921, 955, stride
522, 2036, 746, luk thung
523, 3844, 1066, gypsy jazz
524, 3469, 834, traditional country
525, 3292, 702, spanish invasion
526, 3895, 550, chinese opera
527, 3907, 509, southern gospel
528, 3821, 672, modern free jazz
529, 2559, 578, deep taiwanese pop
530, 1554, 993, pop reggaeton
531, 878, 1104, footwork
532, 1643, 624, abstract idm
533, 2315, 182, depressive black metal
534, 1288, 808, downtempo
535, 625, 1062, balearic
536, 815, 874, electroclash
537, 3595, 565, j-ambient
538, 1708, 889, lounge house
539, 3115, 294, drone psych
540, 1267, 1132, reggaeton flow
541, 3610, 985, traditional blues
542, 3622, 999, memphis blues
543, 2406, 1060, cumbia
544, 1864, 1127, bachata
545, 4127, 1009, vintage country folk
546, 2660, 573, c-pop
547, 3960, 1025, new orleans jazz
548, 3001, 910, mexican son
549, 4176, 997, deep delta blues
550, 3243, 557, classic chinese pop
551, 1507, 583, talent show
552, 2798, 1060, classic colombian pop
553, 2509, 723, indorock
554, 2472, 322, trash rock
555, 1587, 1243, dub
556, 4188, 916, classical guitar
557, 2673, 594, cantopop
558, 3253, 728, country rock
559, 3585, 1007, chicago blues
560, 2164, 363, christian music
561, 3366, 738, filmi
562, 2533, 312, hardcore
563, 2458, 993, musica nativista
564, 1675, 201, metalcore
565, 2087, 83, symphonic black metal
566, 1650, 193, power metal
567, 399, 1275, minimal techno
568, 3558, 454, romantico
569, 1275, 861, trip hop
570, 3546, 573, vintage french electronic
571, 1495, 540, witch house
572, 3944, 479, japanese psychedelic
573, 1453, 738, doujin
574, 3074, 443, alternative hardcore
575, 1091, 773, minimal wave
576, 3443, 555, alternative country
577, 4301, 338, deep string quartet
578, 3384, 941, new orleans blues
579, 2495, 1001, banda
580, 1839, 336, punk christmas
581, 2650, 294, straight edge
582, 3371, 981, latin jazz
583, 2097, 837, african gospel
584, 4226, 578, persian traditional
585, 3348, 61, environmental
586, 2290, 365, sheffield indie
587, 4010, 973, orquesta tipica
588, 2509, 1009, norteno
589, 1469, 278, british alternative rock
590, 1901, 354, deep swedish rock
591, 3315, 1015, cuban rumba
592, 3996, 1140, vintage swing
593, 4115, 953, vintage tango
594, 2241, 253, indie punk
595, 3189, 411, klapa
596, 3379, 573, lilith
597, 3177, 518, indie anthem-folk
598, 1718, 545, italian pop rock
599, 2427, 21, voidgaze
600, 1133, 971, deep chill
601, 1180, 655, new rave
602, 3341, 712, spytrack
603, 3584, 483, ballroom
604, 2856, 379, organic ambient
605, 1273, 780, breakcore
606, 2909, 567, heavy christmas
607, 739, 963, filter house
608, 772, 832, electrofox
609, 1086, 906, mashup
610, 1782, 805, escape room
611, 1571, 530, chillwave
612, 238, 1257, deep deep tech house
613, 1689, 340, post-grunge
614, 1238, 286, heavy gothic rock
615, 3393, 770, swamp pop
616, 2887, 924, traditional swing
617, 1338, 417, indie rockism
618, 2354, 723, australian country
619, 3844, 59, classical organ
620, 1999, 789, beach music
621, 3136, 884, traditional rockabilly
622, 2483, 223, stoner rock
623, 3468, 594, deep new americana
624, 2368, 1011, duranguense
625, 2085, 832, axe
626, 1395, 310, melodic hard rock
627, 1795, 1005, afrobeats
628, 2763, 712, neo honky tonk
629, 2488, 114, post-metal
630, 3757, 971, appalachian folk
631, 2303, 112, deathgrind
632, 1185, 848, substep
633, 1636, 474, industrial
634, 2583, 165, noise
635, 4031, 476, barbershop
636, 1121, 535, power noise
637, 601, 1104, fidget house
638, 2570, 292, epicore
639, 1545, 502, dance-punk
640, 516, 1157, destroy techno
641, 840, 1093, cinematic dubstep
642, 233, 943, schranz
643, 2496, 481, indie emo
644, 1235, 987, nu jazz
645, 1655, 608, greek indie
646, 2825, 931, children's christmas
647, 437, 1158, nu electro
648, 3072, 614, neo-singer-songwriter
649, 4300, 488, concert piano
650, 1625, 225, italian metal
651, 2637, 274, hardcore punk
652, 2187, 979, semba
653, 320, 931, deep full on
654, 3023, 638, alternative americana
655, 2422, 316, emo punk
656, 2546, 168, sludge metal
657, 1619, 989, punjabi
658, 3583, 581, ectofolk
659, 1395, 166, finnish metal
660, 528, 1199, beats
661, 268, 1089, progressive trance house
662, 4178, 570, military band
663, 932, 951, electropunk
664, 3506, 808, polka
665, 1198, 880, japanese jazztronica
666, 1099, 918, glitch hop
667, 906, 841, australian dance
668, 3422, 332, drone
669, 2101, 723, glitch
670, 2998, 562, icelandic pop
671, 649, 1254, miami bass
672, 1708, 751, bulgarian rock
673, 387, 1246, greek house
674, 4202, 509, russian folk
675, 969, 977, dubstep
676, 501, 1219, deep house
677, 942, 454, digital hardcore
678, 1927, 254, gothic doom
679, 3164, 312, healing
680, 233, 1019, full on
681, 4043, 808, avant-garde jazz
682, 3770, 1039, boogie-woogie
683, 3100, 597, canadian country
684, 1265, 286, pixie
685, 3020, 989, chamame
686, 2535, 1044, deep norteno
687, 3883, 959, deep jazz guitar
688, 992, 991, zouk
689, 1977, 300, anthem worship
690, 3293, 459, mandible
691, 4072, 94, monastic
692, 1937, 340, indie dream pop
693, 362, 1272, deep soul house
694, 652, 856, progressive electro house
695, 2434, 383, anarcho-punk
696, 791, 880, covertrance
697, 2444, 581, deep acoustic pop
698, 678, 812, big room
699, 2775, 720, garage punk blues
700, 1745, 939, p funk
701, 2912, 935, accordion
702, 374, 1197, chicago house
703, 3931, 470, new weird america
704, 3378, 454, kirtan
705, 2483, 880, indie jazz
706, 718, 828, electro house
707, 2265, 758, tico
708, 803, 1070, minimal dubstep
709, 4090, 525, canzone napoletana
710, 920, 731, swedish synthpop
711, 1902, 195, slavic metal
712, 2189, 666, puerto rican rock
713, 2036, 565, african rock
714, 2923, 253, scorecore
715, 1037, 581, j-core
716, 1788, 502, otacore
717, 2291, 583, irish indie
718, 446, 1029, makina
719, 1598, 627, gauze pop
720, 524, 969, tekno
721, 1533, 758, christian hip hop
722, 2911, 202, pipe band
723, 1225, 583, j-dance
724, 2037, 239, progressive post-hardcore
725, 2874, 1058, salsa international
726, 2316, 542, deep texas country
727, 2075, 292, glam metal
728, 2213, 597, danseband
729, 2534, 624, deep contemporary country
730, 2463, 43, atmospheric black metal
731, 4043, 443, turkish classical
732, 1737, 253, deep thrash metal
733, 1758, 560, country road
734, 3025, 518, abstract
735, 1408, 381, visual kei
736, 1858, 627, german indie
737, 972, 789, deep filthstep
738, 3708, 710, iskelma
739, 1923, 513, ska punk
740, 1667, 547, new wave
741, 1414, 1003, kwaito
742, 3993, 381, acousmatic
743, 4090, 768, brazilian composition
744, 1232, 901, fake
745, 3100, 537, panpipe
746, 706, 794, edm
747, 1464, 1003, nerdcore
748, 119, 1232, dark minimal techno
749, 1796, 846, colombian rock
750, 3467, 170, nu age
751, 3846, 663, lounge
752, 560, 758, progressive house
753, 3304, 624, accordeon
754, 4151, 859, british dance band
755, 2745, 342, deep hardcore punk
756, 853, 1060, ambient dub techno
757, 1819, 765, fluxwork
758, 769, 1208, deep dub techno
759, 1987, 784, ecuadoria
760, 1847, 949, finnish hip hop
761, 4115, 630, deep adult standards
762, 2099, 470, chinese indie rock
763, 2611, 523, finnish indie
764, 3165, 428, vegan straight edge
765, 2124, 1119, kids dance party
766, 2521, 768, french movie tunes
767, 1051, 1029, uk garage
768, 3316, 535, classic psychedelic rock
769, 758, 805, brostep
770, 2598, 424, indie psych-pop
771, 3782, 830, french folk
772, 3111, 426, garage rock
773, 2419, 1029, musica para ninos
774, 2239, 685, polish indie
775, 2459, 363, dream pop
776, 394, 1060, jumpstyle
777, 3869, 381, minimal
778, 4032, 1206, oratory
779, 2924, 953, west african jazz
780, 1800, 118, viking metal
781, 2662, 199, psychedelic doom
782, 2439, 23, dark black metal
783, 1878, 223, screamocore
784, 1494, 243, screamo
785, 1494, 354, nintendocore
786, 2366, 758, chilean rock
787, 2824, 318, martial industrial
788, 1909, 1009, hip hop tuga
789, 1322, 1046, post-disco soul
790, 4152, 523, easy listening
791, 1611, 472, swedish alternative rock
792, 2675, 328, noise rock
793, 2612, 352, noise pop
794, 665, 1007, neurostep
795, 2113, 402, shimmer psych
796, 587, 600, electro-industrial
797, 868, 1171, baile funk
798, 2596, 826, french rock
799, 4103, 550, norwegian jazz
800, 2432, 492, denver indie
801, 1253, 688, deep new wave
802, 2086, 1041, detroit hip hop
803, 2365, 314, shoegaze
804, 639, 753, deep neo-synthpop
805, 3649, 741, klezmer
806, 1517, 876, new jack smooth
807, 3493, 666, classic italian pop
808, 864, 945, deep breakcore
809, 1248, 887, future ambient
810, 2558, 176, black sludge
811, 1898, 666, punk ska
812, 2700, 552, deep canadian indie
813, 3279, 344, cello
814, 2469, 808, quiet storm
815, 2762, 445, kc indie
816, 549, 651, futurepop
817, 4005, 591, folkmusik
818, 913, 651, catstep
819, 1481, 396, neo metal
820, 649, 1075, electro latino
821, 1478, 627, vapor pop
822, 2688, 570, suomi rock
823, 3379, 768, blues-rock
824, 2713, 555, deep classic garage rock
825, 2521, 407, lo-fi
826, 637, 1171, funky breaks
827, 2799, 808, classic funk rock
828, 4080, 346, baroque
829, 1925, 350, deep german punk
830, 1422, 504, j-poprock
831, 2190, 474, permanent wave
832, 499, 959, deep vocal house
833, 2907, 685, italian pop
834, 3304, 726, classic rock
835, 2961, 1117, spoken word
836, 2632, 591, italian indie pop
837, 2227, 1025, alternative hip hop
838, 3495, 530, faroese pop
839, 587, 756, neo-synthpop
840, 1958, 935, norwegian hip hop
841, 1950, 801, dominican pop
842, 2341, 669, french indie pop
843, 2381, 1052, traditional ska
844, 2023, 516, swiss rock
845, 2700, 348, math rock
846, 1954, 208, metal
847, 2315, 58, avantgarde metal
848, 1609, 153, folk metal
849, 830, 483, anime cv
850, 1611, 258, sleaze rock
851, 1704, 223, neo classical metal
852, 4226, 282, opera
853, 4163, 796, islamic recitation
854, 2899, 220, dark ambient
855, 2648, 513, halloween
856, 1844, 638, new wave pop
857, 4006, 509, classify
858, 2428, 893, villancicos
859, 1987, 715, boy band
860, 2883, 450, twee pop
861, 3935, 846, jazz christmas
862, 1414, 939, grime
863, 1833, 989, swiss hip hop
864, 3004, 780, italian folk
865, 131, 1322, funky tech house
866, 3908, 726, adult standards
867, 1213, 808, dance pop
868, 1294, 753, pop
869, 4116, 237, choral
870, 1922, 1005, southern soul blues
871, 1897, 999, gospel reggae
872, 1962, 728, hungarian pop
873, 2558, 383, punk blues
874, 1950, 506, deep indie rock
875, 1859, 1007, dutch hip hop
876, 3366, 530, anti-folk
877, 1950, 413, j-punk
878, 2459, 274, popgaze
879, 546, 947, pop house
880, 4029, 810, vocal jazz
881, 213, 1373, deep disco house
882, 2340, 206, deep symphonic black metal
883, 2750, 672, classic swedish pop
884, 3959, 702, free improvisation
885, 2394, 528, norwegian pop
886, 1255, 1164, deep g funk
887, 1733, 573, japanese city pop
888, 1974, 497, spanish indie pop
889, 347, 899, dark psytrance
890, 3065, 843, modern blues
891, 2225, 676, rock en espanol
892, 3757, 530, celtic
893, 4055, 360, baroque ensemble
894, 1290, 912, k-hop
895, 3280, 562, michigan indie
896, 1346, 1013, deep disco
897, 2625, 421, math pop
898, 2353, 369, swedish punk
899, 3010, 509, album rock
900, 3033, 1025, ukulele
901, 2213, 959, underground hip hop
902, 3671, 459, christian christmas
903, 382, 1096, breaks
904, 2712, 419, world worship
905, 1476, 975, hip pop
906, 2688, 258, atmospheric post rock
907, 2228, 318, ethereal wave
908, 1971, 997, slovak hip hop
909, 3624, 753, chanson
910, 3038, 472, deep surf music
911, 2099, 1017, deep flow
912, 2003, 206, groove metal
913, 2016, 85, norwegian metal
914, 2521, 197, slam death metal
915, 1584, 204, djent
916, 2414, 0, cryptic black metal
917, 2507, 1083, deep regional mexican
918, 1929, 114, grisly death metal
919, 2329, 874, pop flamenco
920, 1144, 812, c64
921, 1369, 880, glitch beats
922, 2370, 432, northern irish indie
923, 2175, 1017, underground rap
924, 2201, 723, classic russian rock
925, 2874, 876, rumba
926, 1656, 761, redneck
927, 625, 872, bubblegum dance
928, 1387, 1128, bay area hip hop
929, 2961, 882, ranchera
930, 4214, 528, chinese traditional
931, 1963, 278, nwobhm
932, 3255, 575, freakbeat
933, 2416, 865, french folk pop
934, 3430, 999, flamenco
935, 4093, 326, consort
936, 3998, 931, big band
937, 2623, 523, pub rock
938, 2522, 504, glam rock
939, 2868, 630, italian arena pop
940, 2813, 834, deep southern soul
941, 2140, 409, welsh rock
942, 2406, 985, deep funk
943, 1700, 488, funk metal
944, 89, 1397, deep minimal techno
945, 2547, 841, brazilian indie
946, 2496, 928, grupera
947, 1863, 443, stomp pop
948, 3708, 428, christian relaxative
949, 2240, 1001, deep funk carioca
950, 3856, 367, string quartet
951, 2725, 682, deep latin christian
952, 1819, 663, ambient idm
953, 1309, 922, bass music
954, 3086, 573, southern rock
955, 1379, 606, japanese r&b
956, 1783, 1093, underground latin hip hop
957, 3405, 814, mexican rock-and-roll
958, 2369, 669, schlager
959, 3172, 863, memphis soul
960, 2382, 502, stomp and whittle
961, 1420, 375, j-rock
962, 1750, 342, alternative metalcore
963, 2407, 581, croatian pop
964, 3328, 432, alternative roots rock
965, 3443, 428, symphonic rock
966, 2419, 479, canadian indie
967, 2434, 320, grunge
968, 1838, 1112, east coast hip hop
969, 3430, 897, soul blues
970, 2881, 614, turkish rock
971, 3112, 617, classic norwegian pop
972, 1584, 407, medieval rock
973, 1465, 685, eurovision
974, 3819, 791, bossa nova
975, 1312, 497, j-pop
976, 2046, 989, german hip hop
977, 2036, 814, francoton
978, 1911, 555, dangdut
979, 1226, 316, corrosion
980, 1529, 979, slow game
981, 3216, 655, chanson quebecois
982, 1132, 758, deep dance pop
983, 2586, 1079, kindermusik
984, 1208, 603, indie poptimism
985, 1845, 773, electronica
986, 474, 1052, german techno
987, 1538, 1083, dirty south rap
988, 1374, 1177, west coast rap
989, 2546, 344, neo-progressive
990, 3661, 763, nasheed
991, 3733, 672, swedish jazz
992, 4251, 344, classical performance
993, 2787, 741, laiko
994, 2599, 300, post-hardcore
995, 1999, 417, underground power pop
996, 3506, 682, folk christmas
997, 1304, 310, gothic alternative
998, 1520, 655, german pop rock
999, 2700, 439, jangle pop
1000, 1564, 1104, latin hip hop
1001, 2326, 1043, hungarian hip hop
1002, 4313, 336, romantic
1003, 2407, 481, mod revival
1004, 883, 1248, kuduro
1005, 4190, 614, new age piano
1006, 2203, 350, punk
1007, 1572, 302, thrash-groove metal
1008, 2936, 608, swedish folk pop
1009, 1681, 901, deep pop r&b
1010, 1592, 738, karneval
1011, 1675, 318, rap metal
1012, 2178, 432, irish rock
1013, 4326, 294, composition d
1014, 3010, 638, british invasion
1015, 2657, 823, neo-rockabilly
1016, 2645, 591, deep indie singer-songwriter
1017, 2266, 392, psychobilly
1018, 2497, 562, israeli rock
1019, 4151, 328, contemporary classical
1020, 298, 876, deep darkpsy
1021, 2162, 949, russian hip hop
1022, 2960, 578, praise
1023, 3585, 770, rockabilly
1024, 3382, 1157, kabarett
1025, 3870, 617, polish jazz
1026, 3379, 682, doo-wop
1027, 2862, 843, deep indian pop
1028, 3611, 775, nashville sound
1029, 2584, 731, brega
1030, 3148, 914, vintage rockabilly
1031, 1634, 1007, dwn trap
1032, 2175, 943, benga
1033, 2850, 867, rio de la plata
1034, 3266, 381, bow pop
1035, 3636, 837, cowboy western
1036, 2278, 79, black metal
1037, 1750, 191, death core
1038, 2451, 116, grindcore
1039, 1427, 805, drill and bass
1040, 1389, 765, downtempo fusion
1041, 3177, 409, hauntology
1042, 1120, 784, psychill
1043, 2035, 659, commons
1044, 4078, 669, japanese traditional
1045, 865, 789, retro electro
1046, 690, 1068, acid house
1047, 461, 1184, techno
1048, 1898, 492, turkish alternative
1049, 2948, 933, classic venezuelan pop
1050, 3291, 941, andean
1051, 2838, 823, forro
1052, 1762, 346, christian alternative rock
1053, 3922, 768, contemporary jazz
1054, 4055, 893, cool jazz
1055, 2574, 963, classic afrobeat
1056, 746, 801, discofox
1057, 2496, 284, hard stoner rock
1058, 2559, 726, channel pop
1059, 2060, 983, deep underground hip hop
1060, 2509, 861, zydeco
1061, 2241, 383, celtic punk
1062, 3253, 832, outlaw country
1063, 1666, 1197, dancehall
1064, 1597, 308, nu metal
1065, 2290, 125, technical death metal
1066, 2138, 231, christian hardcore
1067, 1911, 617, gothic post-punk
1068, 1604, 756, gamecore
1069, 1757, 748, antiviral pop
1070, 1106, 696, alternative dance
1071, 1631, 819, wonky
1072, 1844, 535, spanish rock
1073, 3745, 912, old-time
1074, 3672, 1009, piano blues
1075, 3417, 965, swamp blues
1076, 3685, 1037, piedmont blues
1077, 2509, 495, brazilian gospel
1078, 2379, 843, samba-enredo
1079, 2088, 302, power-pop punk
1080, 1964, 346, worship
1081, 2112, 591, viral pop
1082, 3085, 715, kurdish folk
1083, 2730, 999, malagasy folk
1084, 1812, 231, nwothm
1085, 2586, 961, mbalax
1086, 3780, 286, operatic pop
1087, 1272, 985, dub techno
1088, 2476, 120, goregrind
1089, 1689, 180, melodic metalcore
1090, 1579, 819, world chill
1091, 1559, 430, grave wave
1092, 402, 819, terrorcore
1093, 613, 991, dutch house
1094, 449, 1106, acid techno
1095, 1399, 1136, scratch
1096, 1161, 537, vocaloid
1097, 739, 1136, uk funky
1098, 1160, 736, ambient psychill
1099, 4240, 567, deep classical piano
1100, 3520, 589, new americana
1101, 1457, 430, alternative pop rock
1102, 3956, 499, stomp and flutter
1103, 2483, 987, cumbia funk
1104, 1420, 187, deep melodic death metal
1105, 2680, 924, mande pop
1106, 2239, 780, sertanejo
1107, 3883, 810, deep vocal jazz
1108, 3858, 565, vintage swoon
1109, 4017, 728, italian jazz
1110, 1508, 1037, zouglou
1111, 3984, 1136, drama
1112, 3610, 594, turkish folk
1113, 2304, 621, hebrew pop
1114, 3733, 801, contemporary folk
1115, 2353, 114, brutal death metal
1116, 734, 763, hardcore techno
1117, 984, 765, chill-out trance
1118, 1344, 789, neue deutsche welle
1119, 3365, 388, anime score
1120, 638, 933, breakbeat
1121, 2278, 176, raw black metal
1122, 4017, 603, exotica
1123, 3660, 624, library music
1124, 840, 859, deep hardcore
1125, 2936, 193, abstractro
1126, 4190, 499, brass ensemble
1127, 765, 955, deep tropical house
1128, 3745, 741, gamelan
1129, 3001, 356, theme
1130, 3596, 463, fourth world
1131, 461, 1117, nu disco
1132, 2769, 212, japanoise
1133, 1800, 258, melodic progressive metal
1134, 15, 1457, deep tech house
1135, 1631, 933, drill
1136, 2253, 1041, french hip hop
1137, 2420, 672, neo-traditional country
1138, 3345, 843, bluegrass
1139, 3585, 718, fado
1140, 2432, 823, pagode
1141, 1775, 276, deep melodic hard rock
1142, 3896, 1043, dixieland
1143, 3597, 1015, harmonica blues
1144, 2004, 94, charred death
1145, 3045, 1050, boogaloo
1146, 3806, 481, throat singing
1147, 4023, 1011, vintage jazz
1148, 1857, 791, indie r&b
1149, 2721, 288, noise punk
1150, 2763, 518, no wave
1151, 1178, 959, deep italo disco
1152, 4019, 523, tzadik
1153, 1314, 676, mexican indie
1154, 2060, 756, world fusion
1155, 1986, 586, polish punk
1156, 878, 854, tropical house
1157, 2787, 330, screamo punk
1158, 1937, 456, italian punk
1159, 2886, 258, video game music
1160, 3696, 402, caucasian folk
1161, 2509, 229, atmospheric post-metal
1162, 3353, 452, kraut rock
1163, 1309, 1023, acid jazz
1164, 2226, 581, vienna indie
1165, 3468, 428, experimental rock
1166, 1622, 373, wrestling
1167, 3266, 850, world christmas
1168, 4102, 899, vintage schlager
1169, 1432, 426, oshare kei
1170, 1172, 746, shibuya-kei
1171, 3757, 591, outsider
1172, 1146, 696, synthpop
1173, 1745, 843, chip hop
1174, 2016, 272, latin metal
1175, 2187, 1031, trap francais
1176, 1851, 282, progressive alternative
1177, 1481, 254, hard glam
1178, 2838, 1066, classic peruvian pop
1179, 3947, 768, free jazz
1180, 2427, 114, black thrash
1181, 3794, 630, ghazal
1182, 4115, 513, movie tunes
1183, 536, 1070, vocal house
1184, 188, 1330, tech house
1185, 521, 761, deep uplifting trance
1186, 2140, 506, dallas indie
1187, 278, 1351, deep euro house
1188, 4128, 578, marching band
1189, 2520, 1098, nursery
1190, 2535, 476, post-punk
1191, 1681, 483, shiver pop
1192, 392, 1168, dubsteppe
1193, 1794, 685, indian rock
1194, 2048, 627, k-indie
1195, 2353, 999, ska revival
1196, 878, 751, solipsynthm
1197, 2011, 710, deep sunset lounge
1198, 3036, 710, ceilidh
1199, 2777, 1056, musique pour enfants
1200, 3419, 150, warm drone
1201, 2100, 360, metal guitar
1202, 3268, 513, zeuhl
1203, 2896, 434, nz indie
1204, 4078, 528, native american
1205, 3885, 308, light music
1206, 2836, 300, post rock
1207, 2378, 202, grim death metal
1208, 601, 912, jump up
1209, 650, 621, ebm
1210, 571, 912, liquid funk
1211, 1133, 1064, electro swing
1212, 678, 939, jungle
1213, 3228, 379, new age
1214, 613, 908, neurofunk
1215, 419, 983, bubble trance
1216, 1542, 926, muziek voor kinderen
1217, 4081, 434, saxophone
1218, 852, 837, complextro
1219, 253, 1336, deep melodic euro house
1220, 615, 780, sky room
1221, 1990, 220, canadian metal
1222, 1546, 237, german metal
1223, 2432, 1029, regional mexican pop
1224, 3984, 728, carnatic
1225, 3908, 901, hard bop
1226, 2111, 1113, riddim
1227, 3443, 746, progressive bluegrass
1228, 3418, 472, enka
1229, 2495, 1064, highlife
1230, 2844, 562, country dawn
1231, 1518, 206, deep melodic metalcore
1232, 2362, 1128, vallenato
1233, 3972, 1106, ragtime
1234, 2073, 565, contemporary country
1235, 3985, 920, jazz trio
1236, 2408, 672, slovenian rock
1237, 2357, 465, uk post-punk
1238, 1350, 452, russian alternative
1239, 226, 1219, deep progressive house
1240, 1923, 581, dance rock
1241, 2874, 945, comic
1242, 3660, 127, world meditation
1243, 3050, 470, louisville indie
1244, 2023, 775, danish pop rock
1245, 1757, 965, australian hip hop
1246, 253, 1199, tribal house
1247, 3769, 663, deep free jazz
1248, 3390, 439, freak folk
1249, 201, 1243, dark progressive house
1250, 1775, 448, brooklyn indie
1251, 2862, 1013, barnmusik
1252, 1985, 931, abstract hip hop
1253, 2279, 1117, skinhead reggae
1254, 848, 603, gabba
1255, 1596, 407, gothic rock
1256, 2201, 627, belgian rock
1257, 2404, 837, traditional soul
1258, 2048, 443, deep indie pop
1259, 2164, 567, lo star
1260, 1885, 570, deep australian indie
1261, 1971, 869, deep indie r&b
1262, 2391, 880, smooth jazz
1263, 1624, 452, madchester
1264, 1897, 912, coverchill
1265, 3794, 454, italian progressive rock
1266, 0, 1155, re:techno
1267, 794, 537, speedcore
1268, 1720, 947, polynesian pop
1269, 2190, 220, technical brutal death metal
1270, 2675, 476, portland indie
1271, 1913, 356, deep power-pop punk
1272, 2470, 1029, children's music
1273, 803, 965, deep eurodance
1274, 996, 751, filthstep
1275, 2900, 854, musiikkia lapsille
1276, 2472, 417, leeds indie
1277, 3819, 878, traditional british folk
1278, 2338, 1142, porro
1279, 2099, 197, thrash metal
1280, 1469, 502, lift kit
1281, 2050, 346, german oi
1282, 1584, 516, modern country rock
1283, 2513, 63, black death
1284, 2086, 973, makossa
1285, 4068, 841, cante flamenco
1286, 1824, 140, swedish metal
1287, 2340, 452, riot grrrl
1288, 1389, 1070, manele
1289, 3993, 483, hollywood
1290, 992, 552, electropowerpop
1291, 3935, 746, christmas
1292, 1396, 492, metropopolis
1293, 2073, 1017, brazilian hip hop
1294, 958, 834, bass trap
1295, 3177, 666, classic eurovision
1296, 3209, 235, experimental psych
1297, 1650, 928, new jack swing
1298, 1619, 839, classic french pop
1299, 487, 1046, hip house
1300, 1531, 511, shimmer pop
1301, 253, 1044, hard house
1302, 3533, 432, lds
1303, 1745, 1011, polish hip hop
1304, 1936, 841, cumbia pop
1305, 4055, 756, cabaret
1306, 2819, 617, pinoy alternative
1307, 1898, 736, latin alternative
1308, 2662, 336, garage psych
1309, 1567, 951, post-disco
1310, 2357, 594, latin christian
1311, 3494, 937, shanty
1312, 4165, 557, show tunes
1313, 1831, 608, indonesian pop
1314, 1401, 823, deep danish pop
1315, 174, 1399, minimal tech house
1316, 3622, 575, a cappella
1317, 1720, 685, vapor soul
1318, 601, 969, hardcore breaks
1319, 2382, 409, indie rock
1320, 662, 1142, speed garage
1321, 3831, 540, swedish prog
1322, 1859, 908, neo soul-jazz
1323, 3255, 532, yoik
1324, 536, 690, trance
1325, 3981, 520, corsican folk
1326, 266, 1291, groove room
1327, 3637, 738, hawaiian
1328, 3532, 492, chamber pop
1329, 2011, 448, spanish noise pop
1330, 1983, 1052, canadian hip hop
1331, 2844, 432, deep punk rock
1332, 3708, 617, irish folk
1333, 2112, 516, steampunk
1334, 2733, 270, instrumental post rock
1335, 2342, 867, geek rock
1336, 332, 856, goa trance
1337, 2445, 743, deep jazz fusion
1338, 709, 676, hardstyle
1339, 2497, 738, classic icelandic pop
1340, 1630, 712, german pop
1341, 818, 424, neo-industrial rock
1342, 3482, 239, soundtrack
1343, 3675, 903, rebetiko
1344, 3721, 581, spanish folk
1345, 3430, 456, bay area indie
1346, 186, 1500, hard minimal techno
1347, 1885, 955, kompa
1348, 2152, 567, bemani
1349, 4140, 545, cornetas y tambores
1350, 1962, 511, twee indie pop
1351, 2471, 693, argentine rock
1352, 1725, 474, la indie
1353, 3060, 690, classic finnish rock
1354, 2799, 352, space rock
1355, 2316, 753, classic danish pop
1356, 1297, 987, j-reggae
1357, 3598, 659, finnish jazz
1358, 2750, 570, opm
1359, 2240, 159, funeral doom
1360, 1489, 897, r&b
1361, 407, 1021, italo dance
1362, 3092, 814, bossa nova jazz
1363, 721, 758, darkstep
1364, 1733, 1033, nu-cumbia
1365, 4019, 381, harpsichord
1366, 2571, 385, alternative rock
1367, 2266, 1017, deep latin hip hop
1368, 3112, 542, rock
1369, 2024, 400, britpop
1370, 2266, 272, garage pop
1371, 3635, 476, deep swedish indie pop
1372, 2949, 712, british blues
1373, 2432, 712, arab pop
1374, 307, 1013, psychedelic trance
1375, 3933, 987, gospel blues
1376, 3659, 472, canterbury scene
1377, 3873, 243, polyphony
1378, 3511, 1113, vintage western
1379, 2868, 773, magyar
1380, 4164, 258, early music
1381, 4176, 237, renaissance
1382, 2769, 316, neoclassical
1383, 2316, 411, vancouver indie
1384, 213, 1214, progressive psytrance
1385, 1260, 823, russian pop
1386, 3507, 520, gothic americana
1387, 3358, 899, electric blues
1388, 2329, 630, polish pop
1389, 2912, 777, soul christmas
1390, 3973, 928, swing
1391, 2484, 761, dansktop
1392, 1808, 1041, danish hip hop
1393, 3110, 784, chicago soul
1394, 3137, 704, classic finnish pop
1395, 1280, 310, deep pop punk
1396, 1795, 1094, hardcore hip hop
1397, 830, 547, j-idol
1398, 1667, 1085, hip hop
1399, 3268, 570, girl group
1400, 3674, 696, brill building pop
1401, 1200, 814, k-pop
1402, 2395, 676, dutch pop
1403, 3203, 540, protopunk
1404, 2075, 409, slc indie
1405, 1941, 195, speed metal
1406, 2050, 274, orgcore
1407, 3831, 1052, deep comedy
1408, 1037, 743, chiptune
1409, 714, 1027, ghoststep
1410, 3520, 428, deep neofolk
1411, 1359, 318, grunge pop
1412, 3216, 428, triangle indie
1413, 3123, 848, southern soul
1414, 2087, 659, swedish pop
1415, 3794, 748, danish jazz
1416, 3870, 472, celtic christmas
1417, 920, 869, nordic house
1418, 1477, 1094, hiplife
1419, 2692, 854, south african jazz
1420, 3566, 94, sleep
1421, 2936, 499, stl indie
1422, 2856, 676, quebecois
1423, 3858, 854, mexican traditional
1424, 1647, 1113, hyphy
1425, 3870, 893, jazz blues
1426, 1504, 924, czech hip hop
1427, 1946, 967, hip hop quebecois
1428, 3203, 775, northern soul
1429, 2175, 146, necrogrind
1430, 860, 630, tracestep
1431, 2508, 392, gbvfi
1432, 3530, 770, rock-and-roll
1433, 1770, 1072, west coast trap
1434, 2021, 981, flick hop
1435, 1668, 848, albanian pop
1436, 2546, 659, power blues-rock
1437, 1683, 1031, turkish hip hop
1438, 3125, 647, classic czech pop
1439, 1194, 672, teen pop
1440, 2812, 452, power pop
1441, 4080, 928, tango
1442, 2570, 148, drone metal
1443, 791, 1112, float house
1444, 2921, 328, ambient
1445, 3241, 400, progressive rock
1446, 1230, 1132, bounce
1447, 3341, 426, australian indie
1448, 3846, 535, german show tunes
1449, 2637, 375, alternative pop
1450, 2445, 1068, french reggae
1451, 2048, 712, thai idol
1452, 451, 887, hands up
1453, 3649, 810, velha guarda
1454, 1872, 967, underground pop rap
1455, 1383, 452, anime
1456, 2125, 748, latin pop
1457, 2471, 216, thrash core
1458, 2936, 889, latin christmas
1459, 895, 1210, uk dub
1460, 2238, 516, deep christian rock
1461, 1826, 1212, rock steady
1462, 156, 1428, deep funk house
1463, 3320, 837, mariachi
1464, 1215, 1079, reggaeton
1465, 4288, 342, classical
1466, 3757, 690, jig and reel
1467, 2140, 659, danspunk
1468, 2632, 733, deep northern soul
1469, 1438, 1087, crunk
1470, 4139, 302, deep cello
1471, 1644, 814, portuguese pop
1472, 2596, 743, bangla
1473, 2921, 545, canadian pop
1474, 2970, 821, mpb
1475, 1812, 306, fast melodic punk
1476, 3099, 419, seattle indie
1477, 3518, 808, country christmas
1478, 2509, 627, volksmusik
1479, 2561, 1031, timba
1480, 1762, 204, progressive metal
1481, 4255, 112, liturgical
1482, 2178, 280, melodic hardcore
1483, 2844, 676, didgeridoo
1484, 1438, 1134, dirty texas rap
1485, 2547, 975, regional mexican
1486, 4201, 302, orchestral
1487, 1801, 516, fussball
1488, 1418, 1246, deep ragga
1489, 1552, 1132, traditional reggae
1490, 3163, 696, roots rock
1491, 3266, 702, merseybeat
1492, 3456, 723, classic polish pop
1493, 2669, 805, bhangra
1494, 3781, 583, turkish jazz
1495, 4042, 581, hindustani classical
1496, 2393, 1025, deep cumbia sonidera
1497, 3769, 854, fingerstyle
1498, 3481, 506, stomp and holler
1499, 1319, 1201, g funk
1500, 2775, 409, jangle rock
1501, 3431, 756, song poem
1502, 1007, 1138, memphis hip hop
1503, 3279, 669, bubblegum pop
1504, 1411, 1119, spanish reggae
1505, 546, 787, deep happy hardcore
1506, 1713, 385, british indie rock
1507, 3993, 565, classic turkish pop
1508, 778, 1073, electro bailando
1509, 1022, 1091, skweee
1510, 3085, 314, lowercase
1511, 714, 1108, minimal dub
